kills,winPlacePerc
0,0.28410833333333335
1,0.46017142857142856
2,0.5007545454545456
3,0.7491666666666666
4,0.7620142857142856
5,0.8513400000000001
6,0.92175
7,0.980775
8,0.8827166666666667
9,1.0
10,0.9482999999999999
11,1.0
12,1.0
13,0.7692
