kills,winPlacePerc
0,0.38129307381491273
1,0.5264811854930077
2,0.622853350138438
3,0.7314548934338886
4,0.7899562626821041
5,0.8498465818523702
6,0.8812360862839357
7,0.9117469956413375
8,0.9273286178861816
9,0.9443417814508682
10,0.9518884092725809
11,0.9601125170068028
12,0.9680023923444976
13,0.975994820717132
14,0.985347586206897
15,0.97758875
16,0.984627659574468
17,0.9797527777777777
18,0.9879571428571428
19,0.9882142857142858
20,1.0
21,0.9868600000000001
22,1.0
