kills,winPlacePerc
0,0.35993805976701115
1,0.5506773724664679
2,0.6700843855280669
3,0.7572282796112215
4,0.8225177812499802
5,0.8687964817320709
6,0.9055476377281299
7,0.9278537727666976
8,0.9453556608478824
9,0.9561733113673806
10,0.964841954022989
11,0.973056334841629
12,0.9731261194029851
13,0.9813136363636363
14,0.9728852631578947
15,0.9665888888888888
16,0.9806771428571429
17,0.9779523809523809
18,0.9631052631578946
19,0.9961545454545454
20,0.9666333333333333
21,1.0
22,1.0
23,0.9948
