numGroups,matchDuration
23,1359.0
24,1348.0
25,1367.4
26,1356.0
27,1359.2068965517242
28,1319.8823529411766
29,1363.6153846153845
30,1385.0
49,1393.0
