kills,winPlacePerc
0,0.4540962218649517
1,0.5807797377830748
2,0.6966236209335224
3,0.772756175972927
4,0.8533276315789473
5,0.8838323529411762
6,0.9027392307692308
7,0.9295017045454551
8,0.9435552631578948
9,0.934305319148936
10,0.9694510638297872
11,0.9580756097560974
12,0.9622714285714286
13,0.96058
14,0.9902166666666666
15,0.9868
16,1.0
17,1.0
18,0.9643
