kills,winPlacePerc
0,0.32079402985074623
1,0.4571533333333334
2,0.6968459459459462
3,0.7296127272727273
4,0.8442652173913044
5,0.8707457142857143
6,0.8736130434782605
7,0.9336692307692308
8,0.9121333333333335
9,0.9495375
10,0.9706307692307694
11,0.9165571428571428
12,0.9753
13,0.9924333333333334
14,1.0
15,0.94645
17,1.0
