kills,winPlacePerc
0,0.36416315789473686
1,0.3439181818181818
2,0.3264666666666667
3,0.8129555555555555
4,0.6666666666666666
5,0.9012333333333333
6,0.9441
7,0.8857333333333334
8,0.9033833333333333
9,0.9762
10,0.9753
11,0.98145
12,1.0
13,1.0
14,1.0
