numGroups,matchDuration
22,1465.5
23,1371.6666666666667
24,1285.4166666666667
25,1424.0689655172414
26,1454.1
27,1386.7926829268292
28,1369.948275862069
29,1424.127659574468
30,1380.1666666666667
31,1359.6666666666667
32,1397.0
33,1392.0
42,1657.3333333333333
43,1601.0
44,1817.5
45,1902.25
46,1678.0
47,1590.0
48,1764.3333333333333
83,1374.0
87,1901.0
88,1500.5
89,1429.5
90,1397.0
91,1432.6666666666667
92,1537.0
93,1562.25
94,1408.25
95,1415.0
96,1615.6666666666667
97,1360.5
