numGroups,matchDuration
23,1288.0
24,1311.0
25,1330.8181818181818
26,1401.2
27,1379.7777777777778
28,1275.5
29,1334.8823529411766
30,1673.0
31,1229.0
32,1576.0
44,1388.0
46,1304.0
47,1467.0
