type,rate
solo,0.04529118344800718
duo,0.06622620168788093
squad,0.08494396301357444
