tier,rate
bronze,0.072895719733363
silver,0.07290761269547327
gold,0.09281256291524059
platinum,0.0851063829787234
diamond,0.13333333333333333
master,0.14606741573033707
